{
    "$schema": "https://schema.management.azure.com/schemas/2015-01-01/deploymentParameters.json#",
    "contentVersion": "1.0.0.0",
    "parameters": {
        "factoryName": {
            "value": "databrickscicdtutd05dev"
        },
        "AzureKeyVault_properties_typeProperties_baseUrl": {
            "value": "https://@{pipeline().parameters.KeyVault}.vault.azure.net/"
        },
        "containerUri": {
            "value": ""
        },
        "containerSasToken": {
            "value": ""
        }
    }
}